state,district,crop,year,season,area,prod,yield,real_rainfall
CHHATTISGARH,BALOD,RICE,2011,Monsoon,177115.0,327525.0,1.85,
CHHATTISGARH,BALOD,RICE,2012,Monsoon,177182.0,357486.0,2.02,
CHHATTISGARH,BALOD,RICE,2013,Monsoon,181677.0,291899.0,1.61,
CHHATTISGARH,BALOD,RICE,2014,Monsoon,183795.0,348670.0,1.9,
CHHATTISGARH,BALOD,RICE,2015,Monsoon,179085.0,194925.0,1.09,
CHHATTISGARH,BALOD,RICE,2016,Monsoon,191042.0,448458.0,2.35,
CHHATTISGARH,BALOD,RICE,2017,Monsoon,174962.0,241672.0,1.38,
CHHATTISGARH,BALOD,RICE,2018,Monsoon,185448.0,300866.0,1.62,
CHHATTISGARH,BALOD,RICE,2019,Monsoon,201908.0,435947.0,2.16,
CHHATTISGARH,BALODA BAZAR,RICE,2011,Monsoon,225302.0,264652.0,1.17,
CHHATTISGARH,BALODA BAZAR,RICE,2012,Monsoon,222135.0,382025.0,1.72,
CHHATTISGARH,BALODA BAZAR,RICE,2013,Monsoon,223120.0,324941.0,1.46,
CHHATTISGARH,BALODA BAZAR,RICE,2014,Monsoon,238360.0,383684.0,1.61,
CHHATTISGARH,BALODA BAZAR,RICE,2015,Monsoon,239456.0,339816.0,1.42,
CHHATTISGARH,BALODA BAZAR,RICE,2016,Monsoon,225526.0,412515.0,1.83,
CHHATTISGARH,BALODA BAZAR,RICE,2017,Monsoon,225580.0,279965.0,1.24,
CHHATTISGARH,BALODA BAZAR,RICE,2018,Monsoon,232934.0,308961.0,1.33,
CHHATTISGARH,BALODA BAZAR,RICE,2019,Monsoon,235090.0,396497.0,1.69,
CHHATTISGARH,BALRAMPUR,RICE,2011,Monsoon,81931.0,112272.0,1.37,
CHHATTISGARH,BALRAMPUR,RICE,2012,Monsoon,78612.0,153034.0,1.95,
CHHATTISGARH,BALRAMPUR,RICE,2013,Monsoon,76789.0,128716.0,1.68,
CHHATTISGARH,BALRAMPUR,RICE,2014,Monsoon,84190.0,153462.0,1.82,
CHHATTISGARH,BALRAMPUR,RICE,2015,Monsoon,81513.0,91752.0,1.13,
CHHATTISGARH,BALRAMPUR,RICE,2016,Monsoon,82595.0,151622.0,1.84,
CHHATTISGARH,BALRAMPUR,RICE,2017,Monsoon,83696.0,127530.0,1.52,
CHHATTISGARH,BALRAMPUR,RICE,2018,Monsoon,86628.0,130620.0,1.51,
CHHATTISGARH,BALRAMPUR,RICE,2019,Monsoon,88605.0,150494.0,1.7,
CHHATTISGARH,BASTAR,RICE,2000,Monsoon,258336.0,213319.0,0.83,37.0
CHHATTISGARH,BASTAR,RICE,2001,Monsoon,260224.0,385963.0,1.48,37.35
CHHATTISGARH,BASTAR,RICE,2002,Monsoon,258955.0,128736.0,0.5,27.68
CHHATTISGARH,BASTAR,RICE,2003,Monsoon,260206.0,439318.0,1.69,44.83
CHHATTISGARH,BASTAR,RICE,2004,Monsoon,260826.0,327311.0,1.25,45.47
CHHATTISGARH,BASTAR,RICE,2005,Monsoon,260734.0,349876.0,1.34,44.75
CHHATTISGARH,BASTAR,RICE,2006,Monsoon,239805.0,326040.0,1.36,42.75
CHHATTISGARH,BASTAR,RICE,2007,Monsoon,239537.0,345270.0,1.44,39.81
CHHATTISGARH,BASTAR,RICE,2008,Monsoon,240340.0,280325.0,1.17,39.56
CHHATTISGARH,BASTAR,RICE,2009,Monsoon,240074.0,278302.0,1.16,33.86
CHHATTISGARH,BASTAR,RICE,2010,Monsoon,239376.0,401486.0,1.68,55.93
CHHATTISGARH,BASTAR,RICE,2011,Monsoon,136930.0,145313.0,1.06,31.709999999999997
CHHATTISGARH,BASTAR,RICE,2012,Monsoon,137609.0,244700.0,1.78,50.81
CHHATTISGARH,BASTAR,RICE,2013,Monsoon,137727.0,229306.0,1.66,45.6
CHHATTISGARH,BASTAR,RICE,2014,Monsoon,132393.0,241480.0,1.82,44.17
CHHATTISGARH,BASTAR,RICE,2015,Monsoon,130042.0,107189.0,0.82,52.36
CHHATTISGARH,BASTAR,RICE,2016,Monsoon,132012.0,276821.0,2.1,51.04
CHHATTISGARH,BASTAR,RICE,2017,Monsoon,131766.0,173933.0,1.32,54.87
CHHATTISGARH,BASTAR,RICE,2018,Monsoon,131543.0,214670.0,1.63,42.29
CHHATTISGARH,BASTAR,RICE,2019,Monsoon,129171.0,251023.0,1.94,62.06
CHHATTISGARH,BEMETARA,RICE,2011,Monsoon,155499.0,271535.0,1.75,
CHHATTISGARH,BEMETARA,RICE,2012,Monsoon,154451.0,266542.0,1.73,
CHHATTISGARH,BEMETARA,RICE,2013,Monsoon,156979.0,231018.0,1.47,
CHHATTISGARH,BEMETARA,RICE,2014,Monsoon,160884.0,274799.0,1.71,
CHHATTISGARH,BEMETARA,RICE,2015,Monsoon,164954.0,236808.0,1.44,
CHHATTISGARH,BEMETARA,RICE,2016,Monsoon,168615.0,310317.0,1.84,
CHHATTISGARH,BEMETARA,RICE,2017,Monsoon,169282.0,178631.0,1.06,
CHHATTISGARH,BEMETARA,RICE,2018,Monsoon,180701.0,243813.0,1.35,
CHHATTISGARH,BEMETARA,RICE,2019,Monsoon,186446.0,317814.0,1.7,
CHHATTISGARH,BIJAPUR,RICE,2007,Monsoon,61042.0,81497.0,1.34,36.0
CHHATTISGARH,BIJAPUR,RICE,2008,Monsoon,61144.0,42886.0,0.7,38.12
CHHATTISGARH,BIJAPUR,RICE,2009,Monsoon,58042.0,66370.0,1.14,31.08
CHHATTISGARH,BIJAPUR,RICE,2010,Monsoon,59639.0,127052.0,2.13,54.580000000000005
CHHATTISGARH,BIJAPUR,RICE,2011,Monsoon,55919.0,79528.0,1.42,28.529999999999998
CHHATTISGARH,BIJAPUR,RICE,2012,Monsoon,60841.0,115818.0,1.9,46.12
CHHATTISGARH,BIJAPUR,RICE,2013,Monsoon,61635.0,99211.0,1.61,47.64
CHHATTISGARH,BIJAPUR,RICE,2014,Monsoon,61565.0,115289.0,1.87,33.41
CHHATTISGARH,BIJAPUR,RICE,2015,Monsoon,59488.0,55641.0,0.94,36.03
CHHATTISGARH,BIJAPUR,RICE,2016,Monsoon,61298.0,108621.0,1.77,49.379999999999995
CHHATTISGARH,BIJAPUR,RICE,2017,Monsoon,62155.0,81582.0,1.31,47.14
CHHATTISGARH,BIJAPUR,RICE,2018,Monsoon,63255.0,85845.0,1.36,39.0
CHHATTISGARH,BIJAPUR,RICE,2019,Monsoon,67485.0,109753.0,1.63,51.85
CHHATTISGARH,BILASPUR,RICE,2000,Monsoon,314066.0,195548.0,0.62,24.32
CHHATTISGARH,BILASPUR,RICE,2001,Monsoon,319809.0,448855.0,1.4,39.47
CHHATTISGARH,BILASPUR,RICE,2002,Monsoon,316368.0,212099.0,0.67,25.72
CHHATTISGARH,BILASPUR,RICE,2003,Monsoon,320204.0,505972.0,1.58,41.9
CHHATTISGARH,BILASPUR,RICE,2004,Monsoon,321626.0,433960.0,1.35,31.59
CHHATTISGARH,BILASPUR,RICE,2005,Monsoon,322411.0,515483.0,1.6,42.99
CHHATTISGARH,BILASPUR,RICE,2006,Monsoon,324475.0,462644.0,1.43,29.57
CHHATTISGARH,BILASPUR,RICE,2007,Monsoon,325134.0,469491.0,1.44,40.660000000000004
CHHATTISGARH,BILASPUR,RICE,2008,Monsoon,323407.0,447099.0,1.38,33.54
CHHATTISGARH,BILASPUR,RICE,2009,Monsoon,305253.0,311696.0,1.02,28.13
CHHATTISGARH,BILASPUR,RICE,2010,Monsoon,329117.0,551672.0,1.68,32.87
CHHATTISGARH,BILASPUR,RICE,2011,Monsoon,224564.0,412102.0,1.84,42.57
CHHATTISGARH,BILASPUR,RICE,2012,Monsoon,219766.0,436557.0,1.99,40.82
CHHATTISGARH,BILASPUR,RICE,2013,Monsoon,222487.0,459300.0,2.06,50.74
CHHATTISGARH,BILASPUR,RICE,2014,Monsoon,227579.0,456491.0,2.01,35.32
CHHATTISGARH,BILASPUR,RICE,2015,Monsoon,224534.0,261092.0,1.16,34.4
CHHATTISGARH,BILASPUR,RICE,2016,Monsoon,219092.0,515658.0,2.35,37.94
CHHATTISGARH,BILASPUR,RICE,2017,Monsoon,217583.0,245060.0,1.13,38.120000000000005
CHHATTISGARH,BILASPUR,RICE,2018,Monsoon,225344.0,421077.0,1.87,31.39
CHHATTISGARH,BILASPUR,RICE,2019,Monsoon,181167.0,397277.0,2.19,46.53
CHHATTISGARH,DANTEWADA,RICE,2000,Monsoon,207469.0,177354.0,0.85,35.98
CHHATTISGARH,DANTEWADA,RICE,2001,Monsoon,208838.0,273524.0,1.31,36.13
CHHATTISGARH,DANTEWADA,RICE,2002,Monsoon,204492.0,113811.0,0.56,27.67
CHHATTISGARH,DANTEWADA,RICE,2003,Monsoon,208224.0,283588.0,1.36,43.88
CHHATTISGARH,DANTEWADA,RICE,2004,Monsoon,209076.0,212564.0,1.02,43.55
CHHATTISGARH,DANTEWADA,RICE,2005,Monsoon,209077.0,171278.0,0.82,43.97
CHHATTISGARH,DANTEWADA,RICE,2006,Monsoon,118352.0,211112.0,1.78,42.13
CHHATTISGARH,DANTEWADA,RICE,2007,Monsoon,129463.0,181019.0,1.4,38.61
CHHATTISGARH,DANTEWADA,RICE,2008,Monsoon,130262.0,144890.0,1.11,39.13
CHHATTISGARH,DANTEWADA,RICE,2009,Monsoon,132580.0,96012.0,0.72,33.14
CHHATTISGARH,DANTEWADA,RICE,2010,Monsoon,137791.0,261296.0,1.9,54.92
CHHATTISGARH,DANTEWADA,RICE,2011,Monsoon,66335.0,84423.0,1.27,30.8
CHHATTISGARH,DANTEWADA,RICE,2012,Monsoon,67846.0,164816.0,2.43,49.51
CHHATTISGARH,DANTEWADA,RICE,2013,Monsoon,68153.0,112922.0,1.66,45.23
CHHATTISGARH,DANTEWADA,RICE,2014,Monsoon,70366.0,131262.0,1.87,41.7
CHHATTISGARH,DANTEWADA,RICE,2015,Monsoon,69860.0,50299.0,0.72,46.29
CHHATTISGARH,DANTEWADA,RICE,2016,Monsoon,70855.0,118688.0,1.68,52.059999999999995
CHHATTISGARH,DANTEWADA,RICE,2017,Monsoon,70688.0,52224.0,0.74,53.67
CHHATTISGARH,DANTEWADA,RICE,2018,Monsoon,70867.0,91855.0,1.3,40.0
CHHATTISGARH,DANTEWADA,RICE,2019,Monsoon,71002.0,109893.0,1.55,59.839999999999996
CHHATTISGARH,DHAMTARI,RICE,2000,Monsoon,143445.0,139175.0,0.97,31.25
CHHATTISGARH,DHAMTARI,RICE,2001,Monsoon,142588.0,213867.0,1.5,38.51
CHHATTISGARH,DHAMTARI,RICE,2002,Monsoon,139084.0,164690.0,1.18,26.3
CHHATTISGARH,DHAMTARI,RICE,2003,Monsoon,141585.0,217544.0,1.54,46.91
CHHATTISGARH,DHAMTARI,RICE,2004,Monsoon,145537.0,201587.0,1.39,34.93
CHHATTISGARH,DHAMTARI,RICE,2005,Monsoon,149772.0,272042.0,1.82,48.74
CHHATTISGARH,DHAMTARI,RICE,2006,Monsoon,163589.0,328047.0,2.01,37.26
CHHATTISGARH,DHAMTARI,RICE,2007,Monsoon,175006.0,346087.0,1.98,46.88
CHHATTISGARH,DHAMTARI,RICE,2008,Monsoon,152432.0,268219.0,1.76,36.01
CHHATTISGARH,DHAMTARI,RICE,2009,Monsoon,143904.0,260683.0,1.81,35.95
CHHATTISGARH,DHAMTARI,RICE,2010,Monsoon,168855.0,395133.0,2.34,44.52
CHHATTISGARH,DHAMTARI,RICE,2011,Monsoon,162439.0,405071.0,2.49,44.519999999999996
CHHATTISGARH,DHAMTARI,RICE,2012,Monsoon,185013.0,489332.0,2.64,53.99
CHHATTISGARH,DHAMTARI,RICE,2013,Monsoon,194750.0,436199.0,2.24,53.18
CHHATTISGARH,DHAMTARI,RICE,2014,Monsoon,198148.0,620402.0,3.13,41.18
CHHATTISGARH,DHAMTARI,RICE,2015,Monsoon,173361.0,314275.0,1.81,38.78
CHHATTISGARH,DHAMTARI,RICE,2016,Monsoon,183504.0,603476.0,3.29,43.269999999999996
CHHATTISGARH,DHAMTARI,RICE,2017,Monsoon,144868.0,311175.0,2.15,39.69
CHHATTISGARH,DHAMTARI,RICE,2018,Monsoon,178763.0,433106.0,2.42,34.5
CHHATTISGARH,DHAMTARI,RICE,2019,Monsoon,188678.0,603600.0,3.2,51.599999999999994
CHHATTISGARH,DURG,RICE,2000,Monsoon,435303.0,224171.0,0.51,28.77
CHHATTISGARH,DURG,RICE,2001,Monsoon,436807.0,605170.0,1.39,37.75
CHHATTISGARH,DURG,RICE,2002,Monsoon,432904.0,233410.0,0.54,25.18
CHHATTISGARH,DURG,RICE,2003,Monsoon,442753.0,716384.0,1.62,45.89
CHHATTISGARH,DURG,RICE,2004,Monsoon,449635.0,633535.0,1.41,31.6
CHHATTISGARH,DURG,RICE,2005,Monsoon,453535.0,746241.0,1.65,48.370000000000005
CHHATTISGARH,DURG,RICE,2006,Monsoon,460930.0,673868.0,1.46,34.58
CHHATTISGARH,DURG,RICE,2007,Monsoon,465325.0,730870.0,1.57,47.61
CHHATTISGARH,DURG,RICE,2008,Monsoon,464617.0,420864.0,0.91,34.07
CHHATTISGARH,DURG,RICE,2009,Monsoon,451263.0,355753.0,0.79,34.75
CHHATTISGARH,DURG,RICE,2010,Monsoon,462087.0,844764.0,1.83,39.34
CHHATTISGARH,DURG,RICE,2011,Monsoon,129502.0,248913.0,1.92,46.550000000000004
CHHATTISGARH,DURG,RICE,2012,Monsoon,129784.0,296124.0,2.28,52.08
CHHATTISGARH,DURG,RICE,2013,Monsoon,130671.0,253696.0,1.94,53.91
CHHATTISGARH,DURG,RICE,2014,Monsoon,130467.0,242048.0,1.86,38.9
CHHATTISGARH,DURG,RICE,2015,Monsoon,129503.0,173853.0,1.34,34.74
CHHATTISGARH,DURG,RICE,2016,Monsoon,134177.0,397480.0,2.96,40.08
CHHATTISGARH,DURG,RICE,2017,Monsoon,126836.0,173187.0,1.37,35.65
CHHATTISGARH,DURG,RICE,2018,Monsoon,137558.0,289006.0,2.1,32.03
CHHATTISGARH,DURG,RICE,2019,Monsoon,139109.0,379937.0,2.73,47.98
CHHATTISGARH,GARIYABAND,RICE,2011,Monsoon,134895.0,154339.0,1.14,
CHHATTISGARH,GARIYABAND,RICE,2012,Monsoon,131879.0,206342.0,1.56,
CHHATTISGARH,GARIYABAND,RICE,2013,Monsoon,134290.0,198730.0,1.48,
CHHATTISGARH,GARIYABAND,RICE,2014,Monsoon,139889.0,237276.0,1.7,
CHHATTISGARH,GARIYABAND,RICE,2015,Monsoon,137037.0,102643.0,0.75,
CHHATTISGARH,GARIYABAND,RICE,2016,Monsoon,138446.0,329943.0,2.38,
CHHATTISGARH,GARIYABAND,RICE,2017,Monsoon,145003.0,193055.0,1.33,
CHHATTISGARH,GARIYABAND,RICE,2018,Monsoon,146599.0,234778.0,1.6,
CHHATTISGARH,GARIYABAND,RICE,2019,Monsoon,141095.0,311834.0,2.21,
CHHATTISGARH,GAURELLA-PENDRA-MARWAHI,RICE,2019,Monsoon,59718.0,123381.0,2.07,
CHHATTISGARH,JANJGIR-CHAMPA,RICE,2000,Monsoon,254692.0,167830.0,0.66,24.36
CHHATTISGARH,JANJGIR-CHAMPA,RICE,2001,Monsoon,254981.0,386700.0,1.52,41.81
CHHATTISGARH,JANJGIR-CHAMPA,RICE,2002,Monsoon,252737.0,299041.0,1.18,26.48
CHHATTISGARH,JANJGIR-CHAMPA,RICE,2003,Monsoon,253178.0,341989.0,1.35,44.07
CHHATTISGARH,JANJGIR-CHAMPA,RICE,2004,Monsoon,253093.0,314469.0,1.24,34.86
CHHATTISGARH,JANJGIR-CHAMPA,RICE,2005,Monsoon,253737.0,452873.0,1.78,43.47
CHHATTISGARH,JANJGIR-CHAMPA,RICE,2006,Monsoon,278916.0,528694.0,1.9,30.849999999999998
CHHATTISGARH,JANJGIR-CHAMPA,RICE,2007,Monsoon,254239.0,539486.0,2.12,41.81
CHHATTISGARH,JANJGIR-CHAMPA,RICE,2008,Monsoon,288940.0,484450.0,1.68,37.44
CHHATTISGARH,JANJGIR-CHAMPA,RICE,2009,Monsoon,254022.0,557818.0,2.2,29.060000000000002
CHHATTISGARH,JANJGIR-CHAMPA,RICE,2010,Monsoon,254778.0,659384.0,2.59,32.75
CHHATTISGARH,JANJGIR-CHAMPA,RICE,2011,Monsoon,279492.0,734839.0,2.63,43.81
CHHATTISGARH,JANJGIR-CHAMPA,RICE,2012,Monsoon,281528.0,847944.0,3.01,42.21
CHHATTISGARH,JANJGIR-CHAMPA,RICE,2013,Monsoon,257816.0,742522.0,2.88,51.28
CHHATTISGARH,JANJGIR-CHAMPA,RICE,2014,Monsoon,253667.0,802349.0,3.16,37.31
CHHATTISGARH,JANJGIR-CHAMPA,RICE,2015,Monsoon,253832.0,716366.0,2.82,32.49
CHHATTISGARH,JANJGIR-CHAMPA,RICE,2016,Monsoon,254371.0,834223.0,3.28,36.589999999999996
CHHATTISGARH,JANJGIR-CHAMPA,RICE,2017,Monsoon,254651.0,680566.0,2.67,36.23
CHHATTISGARH,JANJGIR-CHAMPA,RICE,2018,Monsoon,261169.0,597932.0,2.29,30.54
CHHATTISGARH,JANJGIR-CHAMPA,RICE,2019,Monsoon,262439.0,787702.0,3.0,46.36
CHHATTISGARH,JASHPUR,RICE,2000,Monsoon,179057.0,120855.0,0.67,25.65
CHHATTISGARH,JASHPUR,RICE,2001,Monsoon,179252.0,221341.0,1.23,39.230000000000004
CHHATTISGARH,JASHPUR,RICE,2002,Monsoon,180322.0,116095.0,0.64,28.63
CHHATTISGARH,JASHPUR,RICE,2003,Monsoon,180373.0,225019.0,1.25,46.97
CHHATTISGARH,JASHPUR,RICE,2004,Monsoon,180028.0,167461.0,0.93,40.97
CHHATTISGARH,JASHPUR,RICE,2005,Monsoon,180718.0,159200.0,0.88,33.78
CHHATTISGARH,JASHPUR,RICE,2006,Monsoon,180309.0,188689.0,1.05,35.6
CHHATTISGARH,JASHPUR,RICE,2007,Monsoon,181389.0,220343.0,1.21,36.37
CHHATTISGARH,JASHPUR,RICE,2008,Monsoon,180921.0,203992.0,1.13,45.12
CHHATTISGARH,JASHPUR,RICE,2009,Monsoon,180614.0,193157.0,1.07,32.230000000000004
CHHATTISGARH,JASHPUR,RICE,2010,Monsoon,179402.0,247335.0,1.38,28.03
CHHATTISGARH,JASHPUR,RICE,2011,Monsoon,180163.0,267743.0,1.49,46.58
CHHATTISGARH,JASHPUR,RICE,2012,Monsoon,182433.0,278298.0,1.53,42.89
CHHATTISGARH,JASHPUR,RICE,2013,Monsoon,180506.0,277510.0,1.54,46.24
CHHATTISGARH,JASHPUR,RICE,2014,Monsoon,180700.0,290404.0,1.61,32.58
CHHATTISGARH,JASHPUR,RICE,2015,Monsoon,180626.0,162391.0,0.9,47.31
CHHATTISGARH,JASHPUR,RICE,2016,Monsoon,181149.0,203388.0,1.12,42.050000000000004
CHHATTISGARH,JASHPUR,RICE,2017,Monsoon,183914.0,215537.0,1.17,45.05
CHHATTISGARH,JASHPUR,RICE,2018,Monsoon,184319.0,159508.0,0.87,33.7
CHHATTISGARH,JASHPUR,RICE,2019,Monsoon,184271.0,191219.0,1.04,38.800000000000004
CHHATTISGARH,KABIRDHAM,RICE,2000,Monsoon,90203.0,46575.0,0.52,24.7
CHHATTISGARH,KABIRDHAM,RICE,2001,Monsoon,92215.0,108539.0,1.18,40.53
CHHATTISGARH,KABIRDHAM,RICE,2002,Monsoon,92649.0,81628.0,0.88,26.45
CHHATTISGARH,KABIRDHAM,RICE,2003,Monsoon,92807.0,101004.0,1.09,42.81
CHHATTISGARH,KABIRDHAM,RICE,2004,Monsoon,93135.0,83543.0,0.9,32.53
CHHATTISGARH,KABIRDHAM,RICE,2005,Monsoon,93236.0,102670.0,1.1,43.65
CHHATTISGARH,KABIRDHAM,RICE,2006,Monsoon,92837.0,129942.0,1.4,30.29
CHHATTISGARH,KABIRDHAM,RICE,2007,Monsoon,93715.0,104967.0,1.12,41.379999999999995
CHHATTISGARH,KABIRDHAM,RICE,2008,Monsoon,95047.0,100521.0,1.06,34.64
CHHATTISGARH,KABIRDHAM,RICE,2009,Monsoon,96516.0,78540.0,0.81,28.66
CHHATTISGARH,KABIRDHAM,RICE,2010,Monsoon,95739.0,151006.0,1.58,33.63
CHHATTISGARH,KABIRDHAM,RICE,2011,Monsoon,95695.0,155004.0,1.62,43.38
CHHATTISGARH,KABIRDHAM,RICE,2012,Monsoon,95853.0,142900.0,1.49,41.480000000000004
CHHATTISGARH,KABIRDHAM,RICE,2013,Monsoon,96026.0,127776.0,1.33,51.98
CHHATTISGARH,KABIRDHAM,RICE,2014,Monsoon,102157.0,138630.0,1.36,36.13
CHHATTISGARH,KABIRDHAM,RICE,2015,Monsoon,106327.0,106583.0,1.0,31.23
CHHATTISGARH,KABIRDHAM,RICE,2016,Monsoon,105359.0,134788.0,1.28,35.03
CHHATTISGARH,KABIRDHAM,RICE,2017,Monsoon,106660.0,115200.0,1.08,33.05
CHHATTISGARH,KABIRDHAM,RICE,2018,Monsoon,114013.0,118982.0,1.04,29.59
CHHATTISGARH,KABIRDHAM,RICE,2019,Monsoon,132955.0,168685.0,1.27,43.9
CHHATTISGARH,KANKER,RICE,2000,Monsoon,162220.0,133229.0,0.82,31.25
CHHATTISGARH,KANKER,RICE,2001,Monsoon,164934.0,262672.0,1.59,38.51
CHHATTISGARH,KANKER,RICE,2002,Monsoon,160452.0,88832.0,0.55,26.3
CHHATTISGARH,KANKER,RICE,2003,Monsoon,164148.0,319835.0,1.95,46.91
CHHATTISGARH,KANKER,RICE,2004,Monsoon,165555.0,248783.0,1.5,34.93
CHHATTISGARH,KANKER,RICE,2005,Monsoon,167460.0,275545.0,1.65,48.74
CHHATTISGARH,KANKER,RICE,2006,Monsoon,170620.0,302060.0,1.77,37.26
CHHATTISGARH,KANKER,RICE,2007,Monsoon,171869.0,284312.0,1.65,46.88
CHHATTISGARH,KANKER,RICE,2008,Monsoon,171869.0,223318.0,1.3,36.01
CHHATTISGARH,KANKER,RICE,2009,Monsoon,171869.0,215414.0,1.25,35.95
CHHATTISGARH,KANKER,RICE,2010,Monsoon,173596.0,385716.0,2.22,44.52
CHHATTISGARH,KANKER,RICE,2011,Monsoon,173669.0,241055.0,1.39,44.519999999999996
CHHATTISGARH,KANKER,RICE,2012,Monsoon,174398.0,452378.0,2.59,53.99
CHHATTISGARH,KANKER,RICE,2013,Monsoon,177529.0,431585.0,2.43,53.18
CHHATTISGARH,KANKER,RICE,2014,Monsoon,178689.0,477197.0,2.67,41.18
CHHATTISGARH,KANKER,RICE,2015,Monsoon,180184.0,219846.0,1.22,38.78
CHHATTISGARH,KANKER,RICE,2016,Monsoon,181719.0,424052.0,2.33,43.269999999999996
CHHATTISGARH,KANKER,RICE,2017,Monsoon,181645.0,231439.0,1.27,39.69
CHHATTISGARH,KANKER,RICE,2018,Monsoon,189122.0,277742.0,1.47,34.5
CHHATTISGARH,KANKER,RICE,2019,Monsoon,195941.0,427906.0,2.18,51.599999999999994
CHHATTISGARH,KONDAGAON,RICE,2011,Monsoon,99670.0,105332.0,1.06,
CHHATTISGARH,KONDAGAON,RICE,2012,Monsoon,99796.0,172562.0,1.73,
CHHATTISGARH,KONDAGAON,RICE,2013,Monsoon,100277.0,181999.0,1.81,
CHHATTISGARH,KONDAGAON,RICE,2014,Monsoon,100383.0,193520.0,1.93,
CHHATTISGARH,KONDAGAON,RICE,2015,Monsoon,99448.0,110191.0,1.11,
CHHATTISGARH,KONDAGAON,RICE,2016,Monsoon,104768.0,183987.0,1.76,
CHHATTISGARH,KONDAGAON,RICE,2017,Monsoon,105481.0,119670.0,1.13,
CHHATTISGARH,KONDAGAON,RICE,2018,Monsoon,106490.0,144674.0,1.36,
CHHATTISGARH,KONDAGAON,RICE,2019,Monsoon,108703.0,176985.0,1.63,
CHHATTISGARH,KORBA,RICE,2000,Monsoon,109325.0,60674.0,0.55,23.26
CHHATTISGARH,KORBA,RICE,2001,Monsoon,110152.0,145072.0,1.32,44.89
CHHATTISGARH,KORBA,RICE,2002,Monsoon,108984.0,82439.0,0.76,28.47
CHHATTISGARH,KORBA,RICE,2003,Monsoon,110113.0,134710.0,1.22,43.14
CHHATTISGARH,KORBA,RICE,2004,Monsoon,109856.0,101504.0,0.92,36.74
CHHATTISGARH,KORBA,RICE,2005,Monsoon,109622.0,129060.0,1.18,41.42
CHHATTISGARH,KORBA,RICE,2006,Monsoon,109853.0,95823.0,0.87,29.919999999999998
CHHATTISGARH,KORBA,RICE,2007,Monsoon,109818.0,120613.0,1.1,39.18
CHHATTISGARH,KORBA,RICE,2008,Monsoon,109650.0,110250.0,1.01,38.6
CHHATTISGARH,KORBA,RICE,2009,Monsoon,109232.0,101991.0,0.93,26.01
CHHATTISGARH,KORBA,RICE,2010,Monsoon,109207.0,130510.0,1.2,31.31
CHHATTISGARH,KORBA,RICE,2011,Monsoon,109052.0,151705.0,1.39,42.78
CHHATTISGARH,KORBA,RICE,2012,Monsoon,109252.0,175010.0,1.6,37.339999999999996
CHHATTISGARH,KORBA,RICE,2013,Monsoon,109179.0,150499.0,1.38,51.46
CHHATTISGARH,KORBA,RICE,2014,Monsoon,109135.0,164065.0,1.5,37.05
CHHATTISGARH,KORBA,RICE,2015,Monsoon,110143.0,86754.0,0.79,32.35
CHHATTISGARH,KORBA,RICE,2016,Monsoon,109314.0,178988.0,1.64,36.46
CHHATTISGARH,KORBA,RICE,2017,Monsoon,108938.0,144436.0,1.33,37.16
CHHATTISGARH,KORBA,RICE,2018,Monsoon,109307.0,126495.0,1.16,30.88
CHHATTISGARH,KORBA,RICE,2019,Monsoon,107701.0,164585.0,1.53,44.370000000000005
CHHATTISGARH,KOREA,RICE,2000,Monsoon,68626.0,45906.0,0.67,
CHHATTISGARH,KOREA,RICE,2001,Monsoon,70398.0,102157.0,1.45,
CHHATTISGARH,KOREA,RICE,2002,Monsoon,66735.0,36098.0,0.54,
CHHATTISGARH,KOREA,RICE,2003,Monsoon,69774.0,99029.0,1.42,
CHHATTISGARH,KOREA,RICE,2004,Monsoon,69968.0,75066.0,1.07,
CHHATTISGARH,KOREA,RICE,2005,Monsoon,70855.0,62552.0,0.88,
CHHATTISGARH,KOREA,RICE,2006,Monsoon,71107.0,66435.0,0.93,
CHHATTISGARH,KOREA,RICE,2007,Monsoon,69115.0,55104.0,0.8,
CHHATTISGARH,KOREA,RICE,2008,Monsoon,70742.0,84338.0,1.19,
CHHATTISGARH,KOREA,RICE,2009,Monsoon,68325.0,49123.0,0.72,
CHHATTISGARH,KOREA,RICE,2010,Monsoon,67867.0,73896.0,1.09,
CHHATTISGARH,KOREA,RICE,2011,Monsoon,69804.0,104657.0,1.5,
CHHATTISGARH,KOREA,RICE,2012,Monsoon,69533.0,122289.0,1.76,
CHHATTISGARH,KOREA,RICE,2013,Monsoon,69767.0,112577.0,1.61,
CHHATTISGARH,KOREA,RICE,2014,Monsoon,73095.0,130407.0,1.78,
CHHATTISGARH,KOREA,RICE,2015,Monsoon,63527.0,46572.0,0.73,
CHHATTISGARH,KOREA,RICE,2016,Monsoon,67750.0,118762.0,1.75,
CHHATTISGARH,KOREA,RICE,2017,Monsoon,67752.0,71845.0,1.06,
CHHATTISGARH,KOREA,RICE,2018,Monsoon,68571.0,92310.0,1.35,
CHHATTISGARH,KOREA,RICE,2019,Monsoon,72599.0,116891.0,1.61,
CHHATTISGARH,MAHASAMUND,RICE,2000,Monsoon,233263.0,114090.0,0.49,28.38
CHHATTISGARH,MAHASAMUND,RICE,2001,Monsoon,242450.0,290201.0,1.2,37.02
CHHATTISGARH,MAHASAMUND,RICE,2002,Monsoon,242444.0,108462.0,0.45,24.4
CHHATTISGARH,MAHASAMUND,RICE,2003,Monsoon,250091.0,387427.0,1.55,44.94
CHHATTISGARH,MAHASAMUND,RICE,2004,Monsoon,251046.0,319432.0,1.27,31.07
CHHATTISGARH,MAHASAMUND,RICE,2005,Monsoon,250057.0,247754.0,0.99,47.58
CHHATTISGARH,MAHASAMUND,RICE,2006,Monsoon,256752.0,331104.0,1.29,33.73
CHHATTISGARH,MAHASAMUND,RICE,2007,Monsoon,241743.0,331756.0,1.37,47.0
CHHATTISGARH,MAHASAMUND,RICE,2008,Monsoon,260661.0,292312.0,1.12,33.16
CHHATTISGARH,MAHASAMUND,RICE,2009,Monsoon,262841.0,292973.0,1.11,34.06
CHHATTISGARH,MAHASAMUND,RICE,2010,Monsoon,266738.0,486688.0,1.82,38.35
CHHATTISGARH,MAHASAMUND,RICE,2011,Monsoon,266270.0,377333.0,1.42,45.879999999999995
CHHATTISGARH,MAHASAMUND,RICE,2012,Monsoon,270962.0,521880.0,1.93,51.26
CHHATTISGARH,MAHASAMUND,RICE,2013,Monsoon,271381.0,474504.0,1.75,52.699999999999996
CHHATTISGARH,MAHASAMUND,RICE,2014,Monsoon,272551.0,510063.0,1.87,38.34
CHHATTISGARH,MAHASAMUND,RICE,2015,Monsoon,271299.0,391426.0,1.44,36.21
CHHATTISGARH,MAHASAMUND,RICE,2016,Monsoon,282318.0,505564.0,1.79,39.480000000000004
CHHATTISGARH,MAHASAMUND,RICE,2017,Monsoon,281144.0,406970.0,1.45,38.019999999999996
CHHATTISGARH,MAHASAMUND,RICE,2018,Monsoon,294928.0,370014.0,1.25,32.96
CHHATTISGARH,MAHASAMUND,RICE,2019,Monsoon,290632.0,469992.0,1.62,50.839999999999996
CHHATTISGARH,MUNGELI,RICE,2011,Monsoon,108233.0,213753.0,1.97,
CHHATTISGARH,MUNGELI,RICE,2012,Monsoon,108920.0,245868.0,2.26,
CHHATTISGARH,MUNGELI,RICE,2013,Monsoon,108812.0,187778.0,1.73,
CHHATTISGARH,MUNGELI,RICE,2014,Monsoon,108824.0,220811.0,2.03,
CHHATTISGARH,MUNGELI,RICE,2015,Monsoon,112491.0,245531.0,2.18,
CHHATTISGARH,MUNGELI,RICE,2016,Monsoon,114169.0,290230.0,2.54,
CHHATTISGARH,MUNGELI,RICE,2017,Monsoon,115838.0,192241.0,1.66,
CHHATTISGARH,MUNGELI,RICE,2018,Monsoon,119885.0,202563.0,1.69,
CHHATTISGARH,MUNGELI,RICE,2019,Monsoon,124037.0,302195.0,2.44,
CHHATTISGARH,NARAYANPUR,RICE,2007,Monsoon,24164.0,35631.0,1.47,39.04
CHHATTISGARH,NARAYANPUR,RICE,2008,Monsoon,24165.0,37898.0,1.57,38.440000000000005
CHHATTISGARH,NARAYANPUR,RICE,2009,Monsoon,24099.0,26366.0,1.09,34.02
CHHATTISGARH,NARAYANPUR,RICE,2010,Monsoon,29917.0,51571.0,1.72,53.32
CHHATTISGARH,NARAYANPUR,RICE,2011,Monsoon,23961.0,26115.0,1.09,33.03
CHHATTISGARH,NARAYANPUR,RICE,2012,Monsoon,24207.0,34894.0,1.44,50.69
CHHATTISGARH,NARAYANPUR,RICE,2013,Monsoon,24627.0,39302.0,1.6,46.4
CHHATTISGARH,NARAYANPUR,RICE,2014,Monsoon,24856.0,44005.0,1.77,42.71
CHHATTISGARH,NARAYANPUR,RICE,2015,Monsoon,23926.0,16893.0,0.71,45.69
CHHATTISGARH,NARAYANPUR,RICE,2016,Monsoon,24086.0,39774.0,1.65,49.99
CHHATTISGARH,NARAYANPUR,RICE,2017,Monsoon,24257.0,21320.0,0.88,50.559999999999995
CHHATTISGARH,NARAYANPUR,RICE,2018,Monsoon,24591.0,25331.0,1.03,39.03
CHHATTISGARH,NARAYANPUR,RICE,2019,Monsoon,24748.0,37825.0,1.53,60.32
CHHATTISGARH,RAIGARH,RICE,2000,Monsoon,241943.0,116886.0,0.48,22.57
CHHATTISGARH,RAIGARH,RICE,2001,Monsoon,241432.0,305358.0,1.26,42.629999999999995
CHHATTISGARH,RAIGARH,RICE,2002,Monsoon,239372.0,168485.0,0.7,25.38
CHHATTISGARH,RAIGARH,RICE,2003,Monsoon,242593.0,322350.0,1.33,49.38
CHHATTISGARH,RAIGARH,RICE,2004,Monsoon,241526.0,250401.0,1.04,41.44
CHHATTISGARH,RAIGARH,RICE,2005,Monsoon,240317.0,278707.0,1.16,43.26
CHHATTISGARH,RAIGARH,RICE,2006,Monsoon,240616.0,307132.0,1.28,32.81
CHHATTISGARH,RAIGARH,RICE,2007,Monsoon,241665.0,312306.0,1.29,39.96
CHHATTISGARH,RAIGARH,RICE,2008,Monsoon,242366.0,296840.0,1.22,47.25
CHHATTISGARH,RAIGARH,RICE,2009,Monsoon,240135.0,277370.0,1.16,33.49
CHHATTISGARH,RAIGARH,RICE,2010,Monsoon,240388.0,336652.0,1.4,31.55
CHHATTISGARH,RAIGARH,RICE,2011,Monsoon,241162.0,334923.0,1.39,43.94
CHHATTISGARH,RAIGARH,RICE,2012,Monsoon,240220.0,362982.0,1.51,46.39
CHHATTISGARH,RAIGARH,RICE,2013,Monsoon,237928.0,303252.0,1.27,48.49
CHHATTISGARH,RAIGARH,RICE,2014,Monsoon,228200.0,367385.0,1.61,38.64
CHHATTISGARH,RAIGARH,RICE,2015,Monsoon,228820.0,252504.0,1.1,38.809999999999995
CHHATTISGARH,RAIGARH,RICE,2016,Monsoon,243089.0,560337.0,2.31,37.29
CHHATTISGARH,RAIGARH,RICE,2017,Monsoon,227207.0,407752.0,1.79,39.81
CHHATTISGARH,RAIGARH,RICE,2018,Monsoon,240884.0,397848.0,1.65,32.37
CHHATTISGARH,RAIGARH,RICE,2019,Monsoon,244702.0,517811.0,2.12,44.64
CHHATTISGARH,RAIPUR,RICE,2000,Monsoon,513066.0,208356.0,0.41,26.11
CHHATTISGARH,RAIPUR,RICE,2001,Monsoon,517577.0,616749.0,1.19,37.0
CHHATTISGARH,RAIPUR,RICE,2002,Monsoon,516328.0,386465.0,0.75,24.17
CHHATTISGARH,RAIPUR,RICE,2003,Monsoon,520847.0,711370.0,1.37,43.03
CHHATTISGARH,RAIPUR,RICE,2004,Monsoon,521744.0,626563.0,1.2,29.97
CHHATTISGARH,RAIPUR,RICE,2005,Monsoon,518561.0,804924.0,1.55,45.32
CHHATTISGARH,RAIPUR,RICE,2006,Monsoon,534394.0,785967.0,1.47,31.31
CHHATTISGARH,RAIPUR,RICE,2007,Monsoon,539878.0,805433.0,1.49,44.43
CHHATTISGARH,RAIPUR,RICE,2008,Monsoon,529148.0,691851.0,1.31,32.32
CHHATTISGARH,RAIPUR,RICE,2009,Monsoon,521918.0,753589.0,1.44,31.43
CHHATTISGARH,RAIPUR,RICE,2010,Monsoon,545965.0,771395.0,1.41,34.87
CHHATTISGARH,RAIPUR,RICE,2011,Monsoon,169099.0,219975.0,1.3,44.48
CHHATTISGARH,RAIPUR,RICE,2012,Monsoon,183690.0,375108.0,2.04,46.72
CHHATTISGARH,RAIPUR,RICE,2013,Monsoon,185684.0,314837.0,1.7,51.54
CHHATTISGARH,RAIPUR,RICE,2014,Monsoon,186042.0,376312.0,2.02,36.3
CHHATTISGARH,RAIPUR,RICE,2015,Monsoon,165748.0,264662.0,1.6,34.61
CHHATTISGARH,RAIPUR,RICE,2016,Monsoon,179497.0,580980.0,3.24,38.42
CHHATTISGARH,RAIPUR,RICE,2017,Monsoon,162416.0,329784.0,2.03,37.19
CHHATTISGARH,RAIPUR,RICE,2018,Monsoon,167839.0,380723.0,2.27,31.66
CHHATTISGARH,RAIPUR,RICE,2019,Monsoon,172813.0,511646.0,2.96,49.050000000000004
CHHATTISGARH,RAJNANDGAON,RICE,2000,Monsoon,249419.0,210646.0,0.84,29.1
CHHATTISGARH,RAJNANDGAON,RICE,2001,Monsoon,253973.0,296457.0,1.17,38.269999999999996
CHHATTISGARH,RAJNANDGAON,RICE,2002,Monsoon,254729.0,193529.0,0.76,28.38
CHHATTISGARH,RAJNANDGAON,RICE,2003,Monsoon,257926.0,357731.0,1.39,46.74
CHHATTISGARH,RAJNANDGAON,RICE,2004,Monsoon,260215.0,291457.0,1.12,31.2
CHHATTISGARH,RAJNANDGAON,RICE,2005,Monsoon,261961.0,357964.0,1.37,48.71
CHHATTISGARH,RAJNANDGAON,RICE,2006,Monsoon,265967.0,357973.0,1.35,37.22
CHHATTISGARH,RAJNANDGAON,RICE,2007,Monsoon,268022.0,290436.0,1.08,46.09
CHHATTISGARH,RAJNANDGAON,RICE,2008,Monsoon,271256.0,211856.0,0.78,35.1
CHHATTISGARH,RAJNANDGAON,RICE,2009,Monsoon,269249.0,210540.0,0.78,35.730000000000004
CHHATTISGARH,RAJNANDGAON,RICE,2010,Monsoon,274412.0,438569.0,1.6,43.8
CHHATTISGARH,RAJNANDGAON,RICE,2011,Monsoon,276480.0,458453.0,1.66,45.06
CHHATTISGARH,RAJNANDGAON,RICE,2012,Monsoon,277609.0,512609.0,1.85,51.71
CHHATTISGARH,RAJNANDGAON,RICE,2013,Monsoon,281928.0,428897.0,1.52,58.089999999999996
CHHATTISGARH,RAJNANDGAON,RICE,2014,Monsoon,287194.0,480285.0,1.67,38.15
CHHATTISGARH,RAJNANDGAON,RICE,2015,Monsoon,268648.0,199339.0,0.74,37.2
CHHATTISGARH,RAJNANDGAON,RICE,2016,Monsoon,290276.0,539710.0,1.86,37.86
CHHATTISGARH,RAJNANDGAON,RICE,2017,Monsoon,294317.0,307925.0,1.05,33.44
CHHATTISGARH,RAJNANDGAON,RICE,2018,Monsoon,310786.0,427239.0,1.37,32.38
CHHATTISGARH,RAJNANDGAON,RICE,2019,Monsoon,340270.0,613716.0,1.8,44.01
CHHATTISGARH,SUKMA,RICE,2011,Monsoon,71239.0,91114.0,1.28,
CHHATTISGARH,SUKMA,RICE,2012,Monsoon,73085.0,156158.0,2.14,
CHHATTISGARH,SUKMA,RICE,2013,Monsoon,72828.0,171578.0,2.36,
CHHATTISGARH,SUKMA,RICE,2014,Monsoon,78438.0,174280.0,2.22,
CHHATTISGARH,SUKMA,RICE,2015,Monsoon,81613.0,104400.0,1.28,
CHHATTISGARH,SUKMA,RICE,2016,Monsoon,81527.0,143028.0,1.75,
CHHATTISGARH,SUKMA,RICE,2017,Monsoon,84363.0,121652.0,1.44,
CHHATTISGARH,SUKMA,RICE,2018,Monsoon,82205.0,111313.0,1.35,
CHHATTISGARH,SUKMA,RICE,2019,Monsoon,86395.0,139513.0,1.61,
CHHATTISGARH,SURAJPUR,RICE,2011,Monsoon,107505.0,148323.0,1.38,
CHHATTISGARH,SURAJPUR,RICE,2012,Monsoon,108067.0,138640.0,1.28,
CHHATTISGARH,SURAJPUR,RICE,2013,Monsoon,108262.0,189774.0,1.75,
CHHATTISGARH,SURAJPUR,RICE,2014,Monsoon,106865.0,196547.0,1.84,
CHHATTISGARH,SURAJPUR,RICE,2015,Monsoon,107800.0,135447.0,1.26,
CHHATTISGARH,SURAJPUR,RICE,2016,Monsoon,108003.0,185991.0,1.72,
CHHATTISGARH,SURAJPUR,RICE,2017,Monsoon,108911.0,151397.0,1.39,
CHHATTISGARH,SURAJPUR,RICE,2018,Monsoon,111561.0,173808.0,1.56,
CHHATTISGARH,SURAJPUR,RICE,2019,Monsoon,113276.0,179222.0,1.58,
CHHATTISGARH,SURGUJA,RICE,2000,Monsoon,309313.0,194681.0,0.63,23.509999999999998
CHHATTISGARH,SURGUJA,RICE,2001,Monsoon,314482.0,411096.0,1.31,43.44
CHHATTISGARH,SURGUJA,RICE,2002,Monsoon,311106.0,221033.0,0.71,28.57
CHHATTISGARH,SURGUJA,RICE,2003,Monsoon,314170.0,404374.0,1.29,45.11
CHHATTISGARH,SURGUJA,RICE,2004,Monsoon,310959.0,299182.0,0.96,39.4
CHHATTISGARH,SURGUJA,RICE,2005,Monsoon,312299.0,341368.0,1.09,37.23
CHHATTISGARH,SURGUJA,RICE,2006,Monsoon,313914.0,345995.0,1.1,31.63
CHHATTISGARH,SURGUJA,RICE,2007,Monsoon,311757.0,380351.0,1.22,36.58
CHHATTISGARH,SURGUJA,RICE,2008,Monsoon,311848.0,365590.0,1.17,42.43
CHHATTISGARH,SURGUJA,RICE,2009,Monsoon,307674.0,221619.0,0.72,28.47
CHHATTISGARH,SURGUJA,RICE,2010,Monsoon,302922.0,323612.0,1.07,28.91
CHHATTISGARH,SURGUJA,RICE,2011,Monsoon,117901.0,164828.0,1.4,44.14
CHHATTISGARH,SURGUJA,RICE,2012,Monsoon,117501.0,196105.0,1.67,40.15
CHHATTISGARH,SURGUJA,RICE,2013,Monsoon,116893.0,202401.0,1.73,48.9
CHHATTISGARH,SURGUJA,RICE,2014,Monsoon,117268.0,206623.0,1.76,34.62
CHHATTISGARH,SURGUJA,RICE,2015,Monsoon,116481.0,167130.0,1.43,39.54
CHHATTISGARH,SURGUJA,RICE,2016,Monsoon,118030.0,195872.0,1.66,42.010000000000005
CHHATTISGARH,SURGUJA,RICE,2017,Monsoon,116713.0,173296.0,1.48,42.79
CHHATTISGARH,SURGUJA,RICE,2018,Monsoon,116068.0,148351.0,1.28,32.699999999999996
CHHATTISGARH,SURGUJA,RICE,2019,Monsoon,115066.0,176024.0,1.53,39.72
